areacode,areaid,areaname,level,link,pareaid
110000000000,11,北京市,1,http://www.stats.gov.cn/tjsj/tjbz/tjyqhdmhcxhfdm/2019/11.html,0
120000000000,12,天津市,1,http://www.stats.gov.cn/tjsj/tjbz/tjyqhdmhcxhfdm/2019/12.html,0
130000000000,13,河北省,1,http://www.stats.gov.cn/tjsj/tjbz/tjyqhdmhcxhfdm/2019/13.html,0
140000000000,14,山西省,1,http://www.stats.gov.cn/tjsj/tjbz/tjyqhdmhcxhfdm/2019/14.html,0
150000000000,15,内蒙古自治区,1,http://www.stats.gov.cn/tjsj/tjbz/tjyqhdmhcxhfdm/2019/15.html,0
210000000000,21,辽宁省,1,http://www.stats.gov.cn/tjsj/tjbz/tjyqhdmhcxhfdm/2019/21.html,0
220000000000,22,吉林省,1,http://www.stats.gov.cn/tjsj/tjbz/tjyqhdmhcxhfdm/2019/22.html,0
230000000000,23,黑龙江省,1,http://www.stats.gov.cn/tjsj/tjbz/tjyqhdmhcxhfdm/2019/23.html,0
310000000000,31,上海市,1,http://www.stats.gov.cn/tjsj/tjbz/tjyqhdmhcxhfdm/2019/31.html,0
320000000000,32,江苏省,1,http://www.stats.gov.cn/tjsj/tjbz/tjyqhdmhcxhfdm/2019/32.html,0
330000000000,33,浙江省,1,http://www.stats.gov.cn/tjsj/tjbz/tjyqhdmhcxhfdm/2019/33.html,0
340000000000,34,安徽省,1,http://www.stats.gov.cn/tjsj/tjbz/tjyqhdmhcxhfdm/2019/34.html,0
350000000000,35,福建省,1,http://www.stats.gov.cn/tjsj/tjbz/tjyqhdmhcxhfdm/2019/35.html,0
360000000000,36,江西省,1,http://www.stats.gov.cn/tjsj/tjbz/tjyqhdmhcxhfdm/2019/36.html,0
370000000000,37,山东省,1,http://www.stats.gov.cn/tjsj/tjbz/tjyqhdmhcxhfdm/2019/37.html,0
410000000000,41,河南省,1,http://www.stats.gov.cn/tjsj/tjbz/tjyqhdmhcxhfdm/2019/41.html,0
420000000000,42,湖北省,1,http://www.stats.gov.cn/tjsj/tjbz/tjyqhdmhcxhfdm/2019/42.html,0
430000000000,43,湖南省,1,http://www.stats.gov.cn/tjsj/tjbz/tjyqhdmhcxhfdm/2019/43.html,0
440000000000,44,广东省,1,http://www.stats.gov.cn/tjsj/tjbz/tjyqhdmhcxhfdm/2019/44.html,0
450000000000,45,广西壮族自治区,1,http://www.stats.gov.cn/tjsj/tjbz/tjyqhdmhcxhfdm/2019/45.html,0
460000000000,46,海南省,1,http://www.stats.gov.cn/tjsj/tjbz/tjyqhdmhcxhfdm/2019/46.html,0
500000000000,50,重庆市,1,http://www.stats.gov.cn/tjsj/tjbz/tjyqhdmhcxhfdm/2019/50.html,0
510000000000,51,四川省,1,http://www.stats.gov.cn/tjsj/tjbz/tjyqhdmhcxhfdm/2019/51.html,0
520000000000,52,贵州省,1,http://www.stats.gov.cn/tjsj/tjbz/tjyqhdmhcxhfdm/2019/52.html,0
530000000000,53,云南省,1,http://www.stats.gov.cn/tjsj/tjbz/tjyqhdmhcxhfdm/2019/53.html,0
540000000000,54,西藏自治区,1,http://www.stats.gov.cn/tjsj/tjbz/tjyqhdmhcxhfdm/2019/54.html,0
610000000000,61,陕西省,1,http://www.stats.gov.cn/tjsj/tjbz/tjyqhdmhcxhfdm/2019/61.html,0
620000000000,62,甘肃省,1,http://www.stats.gov.cn/tjsj/tjbz/tjyqhdmhcxhfdm/2019/62.html,0
630000000000,63,青海省,1,http://www.stats.gov.cn/tjsj/tjbz/tjyqhdmhcxhfdm/2019/63.html,0
640000000000,64,宁夏回族自治区,1,http://www.stats.gov.cn/tjsj/tjbz/tjyqhdmhcxhfdm/2019/64.html,0
110100000000,1101,市辖区,2,http://www.stats.gov.cn/tjsj/tjbz/tjyqhdmhcxhfdm/2019/11/1101.html,11
650000000000,65,新疆维吾尔自治区,1,http://www.stats.gov.cn/tjsj/tjbz/tjyqhdmhcxhfdm/2019/65.html,0
120100000000,1201,市辖区,2,http://www.stats.gov.cn/tjsj/tjbz/tjyqhdmhcxhfdm/2019/12/1201.html,12
130100000000,1301,石家庄市,2,http://www.stats.gov.cn/tjsj/tjbz/tjyqhdmhcxhfdm/2019/13/1301.html,13
130200000000,1302,唐山市,2,http://www.stats.gov.cn/tjsj/tjbz/tjyqhdmhcxhfdm/2019/13/1302.html,13
130300000000,1303,秦皇岛市,2,http://www.stats.gov.cn/tjsj/tjbz/tjyqhdmhcxhfdm/2019/13/1303.html,13
130400000000,1304,邯郸市,2,http://www.stats.gov.cn/tjsj/tjbz/tjyqhdmhcxhfdm/2019/13/1304.html,13
130500000000,1305,邢台市,2,http://www.stats.gov.cn/tjsj/tjbz/tjyqhdmhcxhfdm/2019/13/1305.html,13
130600000000,1306,保定市,2,http://www.stats.gov.cn/tjsj/tjbz/tjyqhdmhcxhfdm/2019/13/1306.html,13
130700000000,1307,张家口市,2,http://www.stats.gov.cn/tjsj/tjbz/tjyqhdmhcxhfdm/2019/13/1307.html,13
130800000000,1308,承德市,2,http://www.stats.gov.cn/tjsj/tjbz/tjyqhdmhcxhfdm/2019/13/1308.html,13
130900000000,1309,沧州市,2,http://www.stats.gov.cn/tjsj/tjbz/tjyqhdmhcxhfdm/2019/13/1309.html,13
131000000000,1310,廊坊市,2,http://www.stats.gov.cn/tjsj/tjbz/tjyqhdmhcxhfdm/2019/13/1310.html,13
131100000000,1311,衡水市,2,http://www.stats.gov.cn/tjsj/tjbz/tjyqhdmhcxhfdm/2019/13/1311.html,13
140100000000,1401,太原市,2,http://www.stats.gov.cn/tjsj/tjbz/tjyqhdmhcxhfdm/2019/14/1401.html,14
140200000000,1402,大同市,2,http://www.stats.gov.cn/tjsj/tjbz/tjyqhdmhcxhfdm/2019/14/1402.html,14
140300000000,1403,阳泉市,2,http://www.stats.gov.cn/tjsj/tjbz/tjyqhdmhcxhfdm/2019/14/1403.html,14
140400000000,1404,长治市,2,http://www.stats.gov.cn/tjsj/tjbz/tjyqhdmhcxhfdm/2019/14/1404.html,14
140500000000,1405,晋城市,2,http://www.stats.gov.cn/tjsj/tjbz/tjyqhdmhcxhfdm/2019/14/1405.html,14
140600000000,1406,朔州市,2,http://www.stats.gov.cn/tjsj/tjbz/tjyqhdmhcxhfdm/2019/14/1406.html,14
140700000000,1407,晋中市,2,http://www.stats.gov.cn/tjsj/tjbz/tjyqhdmhcxhfdm/2019/14/1407.html,14
140800000000,1408,运城市,2,http://www.stats.gov.cn/tjsj/tjbz/tjyqhdmhcxhfdm/2019/14/1408.html,14
140900000000,1409,忻州市,2,http://www.stats.gov.cn/tjsj/tjbz/tjyqhdmhcxhfdm/2019/14/1409.html,14
141000000000,1410,临汾市,2,http://www.stats.gov.cn/tjsj/tjbz/tjyqhdmhcxhfdm/2019/14/1410.html,14
141100000000,1411,吕梁市,2,http://www.stats.gov.cn/tjsj/tjbz/tjyqhdmhcxhfdm/2019/14/1411.html,14
150100000000,1501,呼和浩特市,2,http://www.stats.gov.cn/tjsj/tjbz/tjyqhdmhcxhfdm/2019/15/1501.html,15
150200000000,1502,包头市,2,http://www.stats.gov.cn/tjsj/tjbz/tjyqhdmhcxhfdm/2019/15/1502.html,15
150300000000,1503,乌海市,2,http://www.stats.gov.cn/tjsj/tjbz/tjyqhdmhcxhfdm/2019/15/1503.html,15
150400000000,1504,赤峰市,2,http://www.stats.gov.cn/tjsj/tjbz/tjyqhdmhcxhfdm/2019/15/1504.html,15
150500000000,1505,通辽市,2,http://www.stats.gov.cn/tjsj/tjbz/tjyqhdmhcxhfdm/2019/15/1505.html,15
150600000000,1506,鄂尔多斯市,2,http://www.stats.gov.cn/tjsj/tjbz/tjyqhdmhcxhfdm/2019/15/1506.html,15
150700000000,1507,呼伦贝尔市,2,http://www.stats.gov.cn/tjsj/tjbz/tjyqhdmhcxhfdm/2019/15/1507.html,15
150800000000,1508,巴彦淖尔市,2,http://www.stats.gov.cn/tjsj/tjbz/tjyqhdmhcxhfdm/2019/15/1508.html,15
150900000000,1509,乌兰察布市,2,http://www.stats.gov.cn/tjsj/tjbz/tjyqhdmhcxhfdm/2019/15/1509.html,15
152200000000,1522,兴安盟,2,http://www.stats.gov.cn/tjsj/tjbz/tjyqhdmhcxhfdm/2019/15/1522.html,15
152500000000,1525,锡林郭勒盟,2,http://www.stats.gov.cn/tjsj/tjbz/tjyqhdmhcxhfdm/2019/15/1525.html,15
152900000000,1529,阿拉善盟,2,http://www.stats.gov.cn/tjsj/tjbz/tjyqhdmhcxhfdm/2019/15/1529.html,15
210100000000,2101,沈阳市,2,http://www.stats.gov.cn/tjsj/tjbz/tjyqhdmhcxhfdm/2019/21/2101.html,21
210200000000,2102,大连市,2,http://www.stats.gov.cn/tjsj/tjbz/tjyqhdmhcxhfdm/2019/21/2102.html,21
210300000000,2103,鞍山市,2,http://www.stats.gov.cn/tjsj/tjbz/tjyqhdmhcxhfdm/2019/21/2103.html,21
210400000000,2104,抚顺市,2,http://www.stats.gov.cn/tjsj/tjbz/tjyqhdmhcxhfdm/2019/21/2104.html,21
210500000000,2105,本溪市,2,http://www.stats.gov.cn/tjsj/tjbz/tjyqhdmhcxhfdm/2019/21/2105.html,21
210600000000,2106,丹东市,2,http://www.stats.gov.cn/tjsj/tjbz/tjyqhdmhcxhfdm/2019/21/2106.html,21
210700000000,2107,锦州市,2,http://www.stats.gov.cn/tjsj/tjbz/tjyqhdmhcxhfdm/2019/21/2107.html,21
210800000000,2108,营口市,2,http://www.stats.gov.cn/tjsj/tjbz/tjyqhdmhcxhfdm/2019/21/2108.html,21
210900000000,2109,阜新市,2,http://www.stats.gov.cn/tjsj/tjbz/tjyqhdmhcxhfdm/2019/21/2109.html,21
211000000000,2110,辽阳市,2,http://www.stats.gov.cn/tjsj/tjbz/tjyqhdmhcxhfdm/2019/21/2110.html,21
211100000000,2111,盘锦市,2,http://www.stats.gov.cn/tjsj/tjbz/tjyqhdmhcxhfdm/2019/21/2111.html,21
211200000000,2112,铁岭市,2,http://www.stats.gov.cn/tjsj/tjbz/tjyqhdmhcxhfdm/2019/21/2112.html,21
211300000000,2113,朝阳市,2,http://www.stats.gov.cn/tjsj/tjbz/tjyqhdmhcxhfdm/2019/21/2113.html,21
211400000000,2114,葫芦岛市,2,http://www.stats.gov.cn/tjsj/tjbz/tjyqhdmhcxhfdm/2019/21/2114.html,21
220100000000,2201,长春市,2,http://www.stats.gov.cn/tjsj/tjbz/tjyqhdmhcxhfdm/2019/22/2201.html,22
220200000000,2202,吉林市,2,http://www.stats.gov.cn/tjsj/tjbz/tjyqhdmhcxhfdm/2019/22/2202.html,22
220300000000,2203,四平市,2,http://www.stats.gov.cn/tjsj/tjbz/tjyqhdmhcxhfdm/2019/22/2203.html,22
220400000000,2204,辽源市,2,http://www.stats.gov.cn/tjsj/tjbz/tjyqhdmhcxhfdm/2019/22/2204.html,22
220500000000,2205,通化市,2,http://www.stats.gov.cn/tjsj/tjbz/tjyqhdmhcxhfdm/2019/22/2205.html,22
220600000000,2206,白山市,2,http://www.stats.gov.cn/tjsj/tjbz/tjyqhdmhcxhfdm/2019/22/2206.html,22
220700000000,2207,松原市,2,http://www.stats.gov.cn/tjsj/tjbz/tjyqhdmhcxhfdm/2019/22/2207.html,22
220800000000,2208,白城市,2,http://www.stats.gov.cn/tjsj/tjbz/tjyqhdmhcxhfdm/2019/22/2208.html,22
222400000000,2224,延边朝鲜族自治州,2,http://www.stats.gov.cn/tjsj/tjbz/tjyqhdmhcxhfdm/2019/22/2224.html,22
230100000000,2301,哈尔滨市,2,http://www.stats.gov.cn/tjsj/tjbz/tjyqhdmhcxhfdm/2019/23/2301.html,23
230200000000,2302,齐齐哈尔市,2,http://www.stats.gov.cn/tjsj/tjbz/tjyqhdmhcxhfdm/2019/23/2302.html,23
230300000000,2303,鸡西市,2,http://www.stats.gov.cn/tjsj/tjbz/tjyqhdmhcxhfdm/2019/23/2303.html,23
230400000000,2304,鹤岗市,2,http://www.stats.gov.cn/tjsj/tjbz/tjyqhdmhcxhfdm/2019/23/2304.html,23
230500000000,2305,双鸭山市,2,http://www.stats.gov.cn/tjsj/tjbz/tjyqhdmhcxhfdm/2019/23/2305.html,23
230600000000,2306,大庆市,2,http://www.stats.gov.cn/tjsj/tjbz/tjyqhdmhcxhfdm/2019/23/2306.html,23
230700000000,2307,伊春市,2,http://www.stats.gov.cn/tjsj/tjbz/tjyqhdmhcxhfdm/2019/23/2307.html,23
230800000000,2308,佳木斯市,2,http://www.stats.gov.cn/tjsj/tjbz/tjyqhdmhcxhfdm/2019/23/2308.html,23
230900000000,2309,七台河市,2,http://www.stats.gov.cn/tjsj/tjbz/tjyqhdmhcxhfdm/2019/23/2309.html,23
231000000000,2310,牡丹江市,2,http://www.stats.gov.cn/tjsj/tjbz/tjyqhdmhcxhfdm/2019/23/2310.html,23
231100000000,2311,黑河市,2,http://www.stats.gov.cn/tjsj/tjbz/tjyqhdmhcxhfdm/2019/23/2311.html,23
231200000000,2312,绥化市,2,http://www.stats.gov.cn/tjsj/tjbz/tjyqhdmhcxhfdm/2019/23/2312.html,23
232700000000,2327,大兴安岭地区,2,http://www.stats.gov.cn/tjsj/tjbz/tjyqhdmhcxhfdm/2019/23/2327.html,23
320100000000,3201,南京市,2,http://www.stats.gov.cn/tjsj/tjbz/tjyqhdmhcxhfdm/2019/32/3201.html,32
320200000000,3202,无锡市,2,http://www.stats.gov.cn/tjsj/tjbz/tjyqhdmhcxhfdm/2019/32/3202.html,32
320300000000,3203,徐州市,2,http://www.stats.gov.cn/tjsj/tjbz/tjyqhdmhcxhfdm/2019/32/3203.html,32
320400000000,3204,常州市,2,http://www.stats.gov.cn/tjsj/tjbz/tjyqhdmhcxhfdm/2019/32/3204.html,32
320500000000,3205,苏州市,2,http://www.stats.gov.cn/tjsj/tjbz/tjyqhdmhcxhfdm/2019/32/3205.html,32
320600000000,3206,南通市,2,http://www.stats.gov.cn/tjsj/tjbz/tjyqhdmhcxhfdm/2019/32/3206.html,32
320700000000,3207,连云港市,2,http://www.stats.gov.cn/tjsj/tjbz/tjyqhdmhcxhfdm/2019/32/3207.html,32
320800000000,3208,淮安市,2,http://www.stats.gov.cn/tjsj/tjbz/tjyqhdmhcxhfdm/2019/32/3208.html,32
320900000000,3209,盐城市,2,http://www.stats.gov.cn/tjsj/tjbz/tjyqhdmhcxhfdm/2019/32/3209.html,32
321000000000,3210,扬州市,2,http://www.stats.gov.cn/tjsj/tjbz/tjyqhdmhcxhfdm/2019/32/3210.html,32
321100000000,3211,镇江市,2,http://www.stats.gov.cn/tjsj/tjbz/tjyqhdmhcxhfdm/2019/32/3211.html,32
321200000000,3212,泰州市,2,http://www.stats.gov.cn/tjsj/tjbz/tjyqhdmhcxhfdm/2019/32/3212.html,32
321300000000,3213,宿迁市,2,http://www.stats.gov.cn/tjsj/tjbz/tjyqhdmhcxhfdm/2019/32/3213.html,32
310100000000,3101,市辖区,2,http://www.stats.gov.cn/tjsj/tjbz/tjyqhdmhcxhfdm/2019/31/3101.html,31
330100000000,3301,杭州市,2,http://www.stats.gov.cn/tjsj/tjbz/tjyqhdmhcxhfdm/2019/33/3301.html,33
330200000000,3302,宁波市,2,http://www.stats.gov.cn/tjsj/tjbz/tjyqhdmhcxhfdm/2019/33/3302.html,33
330300000000,3303,温州市,2,http://www.stats.gov.cn/tjsj/tjbz/tjyqhdmhcxhfdm/2019/33/3303.html,33
330400000000,3304,嘉兴市,2,http://www.stats.gov.cn/tjsj/tjbz/tjyqhdmhcxhfdm/2019/33/3304.html,33
330500000000,3305,湖州市,2,http://www.stats.gov.cn/tjsj/tjbz/tjyqhdmhcxhfdm/2019/33/3305.html,33
330600000000,3306,绍兴市,2,http://www.stats.gov.cn/tjsj/tjbz/tjyqhdmhcxhfdm/2019/33/3306.html,33
330700000000,3307,金华市,2,http://www.stats.gov.cn/tjsj/tjbz/tjyqhdmhcxhfdm/2019/33/3307.html,33
330800000000,3308,衢州市,2,http://www.stats.gov.cn/tjsj/tjbz/tjyqhdmhcxhfdm/2019/33/3308.html,33
330900000000,3309,舟山市,2,http://www.stats.gov.cn/tjsj/tjbz/tjyqhdmhcxhfdm/2019/33/3309.html,33
331000000000,3310,台州市,2,http://www.stats.gov.cn/tjsj/tjbz/tjyqhdmhcxhfdm/2019/33/3310.html,33
331100000000,3311,丽水市,2,http://www.stats.gov.cn/tjsj/tjbz/tjyqhdmhcxhfdm/2019/33/3311.html,33
340100000000,3401,合肥市,2,http://www.stats.gov.cn/tjsj/tjbz/tjyqhdmhcxhfdm/2019/34/3401.html,34
340200000000,3402,芜湖市,2,http://www.stats.gov.cn/tjsj/tjbz/tjyqhdmhcxhfdm/2019/34/3402.html,34
340300000000,3403,蚌埠市,2,http://www.stats.gov.cn/tjsj/tjbz/tjyqhdmhcxhfdm/2019/34/3403.html,34
340400000000,3404,淮南市,2,http://www.stats.gov.cn/tjsj/tjbz/tjyqhdmhcxhfdm/2019/34/3404.html,34
340500000000,3405,马鞍山市,2,http://www.stats.gov.cn/tjsj/tjbz/tjyqhdmhcxhfdm/2019/34/3405.html,34
340600000000,3406,淮北市,2,http://www.stats.gov.cn/tjsj/tjbz/tjyqhdmhcxhfdm/2019/34/3406.html,34
340700000000,3407,铜陵市,2,http://www.stats.gov.cn/tjsj/tjbz/tjyqhdmhcxhfdm/2019/34/3407.html,34
340800000000,3408,安庆市,2,http://www.stats.gov.cn/tjsj/tjbz/tjyqhdmhcxhfdm/2019/34/3408.html,34
341000000000,3410,黄山市,2,http://www.stats.gov.cn/tjsj/tjbz/tjyqhdmhcxhfdm/2019/34/3410.html,34
341100000000,3411,滁州市,2,http://www.stats.gov.cn/tjsj/tjbz/tjyqhdmhcxhfdm/2019/34/3411.html,34
341200000000,3412,阜阳市,2,http://www.stats.gov.cn/tjsj/tjbz/tjyqhdmhcxhfdm/2019/34/3412.html,34
341300000000,3413,宿州市,2,http://www.stats.gov.cn/tjsj/tjbz/tjyqhdmhcxhfdm/2019/34/3413.html,34
341500000000,3415,六安市,2,http://www.stats.gov.cn/tjsj/tjbz/tjyqhdmhcxhfdm/2019/34/3415.html,34
341600000000,3416,亳州市,2,http://www.stats.gov.cn/tjsj/tjbz/tjyqhdmhcxhfdm/2019/34/3416.html,34
341700000000,3417,池州市,2,http://www.stats.gov.cn/tjsj/tjbz/tjyqhdmhcxhfdm/2019/34/3417.html,34
341800000000,3418,宣城市,2,http://www.stats.gov.cn/tjsj/tjbz/tjyqhdmhcxhfdm/2019/34/3418.html,34
360100000000,3601,南昌市,2,http://www.stats.gov.cn/tjsj/tjbz/tjyqhdmhcxhfdm/2019/36/3601.html,36
360200000000,3602,景德镇市,2,http://www.stats.gov.cn/tjsj/tjbz/tjyqhdmhcxhfdm/2019/36/3602.html,36
360300000000,3603,萍乡市,2,http://www.stats.gov.cn/tjsj/tjbz/tjyqhdmhcxhfdm/2019/36/3603.html,36
360400000000,3604,九江市,2,http://www.stats.gov.cn/tjsj/tjbz/tjyqhdmhcxhfdm/2019/36/3604.html,36
360500000000,3605,新余市,2,http://www.stats.gov.cn/tjsj/tjbz/tjyqhdmhcxhfdm/2019/36/3605.html,36
360600000000,3606,鹰潭市,2,http://www.stats.gov.cn/tjsj/tjbz/tjyqhdmhcxhfdm/2019/36/3606.html,36
360700000000,3607,赣州市,2,http://www.stats.gov.cn/tjsj/tjbz/tjyqhdmhcxhfdm/2019/36/3607.html,36
360800000000,3608,吉安市,2,http://www.stats.gov.cn/tjsj/tjbz/tjyqhdmhcxhfdm/2019/36/3608.html,36
360900000000,3609,宜春市,2,http://www.stats.gov.cn/tjsj/tjbz/tjyqhdmhcxhfdm/2019/36/3609.html,36
361000000000,3610,抚州市,2,http://www.stats.gov.cn/tjsj/tjbz/tjyqhdmhcxhfdm/2019/36/3610.html,36
361100000000,3611,上饶市,2,http://www.stats.gov.cn/tjsj/tjbz/tjyqhdmhcxhfdm/2019/36/3611.html,36
370100000000,3701,济南市,2,http://www.stats.gov.cn/tjsj/tjbz/tjyqhdmhcxhfdm/2019/37/3701.html,37
370200000000,3702,青岛市,2,http://www.stats.gov.cn/tjsj/tjbz/tjyqhdmhcxhfdm/2019/37/3702.html,37
370300000000,3703,淄博市,2,http://www.stats.gov.cn/tjsj/tjbz/tjyqhdmhcxhfdm/2019/37/3703.html,37
370400000000,3704,枣庄市,2,http://www.stats.gov.cn/tjsj/tjbz/tjyqhdmhcxhfdm/2019/37/3704.html,37
370500000000,3705,东营市,2,http://www.stats.gov.cn/tjsj/tjbz/tjyqhdmhcxhfdm/2019/37/3705.html,37
370600000000,3706,烟台市,2,http://www.stats.gov.cn/tjsj/tjbz/tjyqhdmhcxhfdm/2019/37/3706.html,37
370700000000,3707,潍坊市,2,http://www.stats.gov.cn/tjsj/tjbz/tjyqhdmhcxhfdm/2019/37/3707.html,37
370800000000,3708,济宁市,2,http://www.stats.gov.cn/tjsj/tjbz/tjyqhdmhcxhfdm/2019/37/3708.html,37
370900000000,3709,泰安市,2,http://www.stats.gov.cn/tjsj/tjbz/tjyqhdmhcxhfdm/2019/37/3709.html,37
371000000000,3710,威海市,2,http://www.stats.gov.cn/tjsj/tjbz/tjyqhdmhcxhfdm/2019/37/3710.html,37
371100000000,3711,日照市,2,http://www.stats.gov.cn/tjsj/tjbz/tjyqhdmhcxhfdm/2019/37/3711.html,37
371300000000,3713,临沂市,2,http://www.stats.gov.cn/tjsj/tjbz/tjyqhdmhcxhfdm/2019/37/3713.html,37
371400000000,3714,德州市,2,http://www.stats.gov.cn/tjsj/tjbz/tjyqhdmhcxhfdm/2019/37/3714.html,37
371500000000,3715,聊城市,2,http://www.stats.gov.cn/tjsj/tjbz/tjyqhdmhcxhfdm/2019/37/3715.html,37
371600000000,3716,滨州市,2,http://www.stats.gov.cn/tjsj/tjbz/tjyqhdmhcxhfdm/2019/37/3716.html,37
371700000000,3717,菏泽市,2,http://www.stats.gov.cn/tjsj/tjbz/tjyqhdmhcxhfdm/2019/37/3717.html,37
410100000000,4101,郑州市,2,http://www.stats.gov.cn/tjsj/tjbz/tjyqhdmhcxhfdm/2019/41/4101.html,41
410200000000,4102,开封市,2,http://www.stats.gov.cn/tjsj/tjbz/tjyqhdmhcxhfdm/2019/41/4102.html,41
410300000000,4103,洛阳市,2,http://www.stats.gov.cn/tjsj/tjbz/tjyqhdmhcxhfdm/2019/41/4103.html,41
410400000000,4104,平顶山市,2,http://www.stats.gov.cn/tjsj/tjbz/tjyqhdmhcxhfdm/2019/41/4104.html,41
410500000000,4105,安阳市,2,http://www.stats.gov.cn/tjsj/tjbz/tjyqhdmhcxhfdm/2019/41/4105.html,41
410600000000,4106,鹤壁市,2,http://www.stats.gov.cn/tjsj/tjbz/tjyqhdmhcxhfdm/2019/41/4106.html,41
410700000000,4107,新乡市,2,http://www.stats.gov.cn/tjsj/tjbz/tjyqhdmhcxhfdm/2019/41/4107.html,41
410800000000,4108,焦作市,2,http://www.stats.gov.cn/tjsj/tjbz/tjyqhdmhcxhfdm/2019/41/4108.html,41
410900000000,4109,濮阳市,2,http://www.stats.gov.cn/tjsj/tjbz/tjyqhdmhcxhfdm/2019/41/4109.html,41
411000000000,4110,许昌市,2,http://www.stats.gov.cn/tjsj/tjbz/tjyqhdmhcxhfdm/2019/41/4110.html,41
411100000000,4111,漯河市,2,http://www.stats.gov.cn/tjsj/tjbz/tjyqhdmhcxhfdm/2019/41/4111.html,41
411200000000,4112,三门峡市,2,http://www.stats.gov.cn/tjsj/tjbz/tjyqhdmhcxhfdm/2019/41/4112.html,41
411300000000,4113,南阳市,2,http://www.stats.gov.cn/tjsj/tjbz/tjyqhdmhcxhfdm/2019/41/4113.html,41
411400000000,4114,商丘市,2,http://www.stats.gov.cn/tjsj/tjbz/tjyqhdmhcxhfdm/2019/41/4114.html,41
411500000000,4115,信阳市,2,http://www.stats.gov.cn/tjsj/tjbz/tjyqhdmhcxhfdm/2019/41/4115.html,41
411600000000,4116,周口市,2,http://www.stats.gov.cn/tjsj/tjbz/tjyqhdmhcxhfdm/2019/41/4116.html,41
411700000000,4117,驻马店市,2,http://www.stats.gov.cn/tjsj/tjbz/tjyqhdmhcxhfdm/2019/41/4117.html,41
419000000000,4190,省直辖县级行政区划,2,http://www.stats.gov.cn/tjsj/tjbz/tjyqhdmhcxhfdm/2019/41/4190.html,41
540100000000,5401,拉萨市,2,http://www.stats.gov.cn/tjsj/tjbz/tjyqhdmhcxhfdm/2019/54/5401.html,54
540200000000,5402,日喀则市,2,http://www.stats.gov.cn/tjsj/tjbz/tjyqhdmhcxhfdm/2019/54/5402.html,54
540300000000,5403,昌都市,2,http://www.stats.gov.cn/tjsj/tjbz/tjyqhdmhcxhfdm/2019/54/5403.html,54
540400000000,5404,林芝市,2,http://www.stats.gov.cn/tjsj/tjbz/tjyqhdmhcxhfdm/2019/54/5404.html,54
540500000000,5405,山南市,2,http://www.stats.gov.cn/tjsj/tjbz/tjyqhdmhcxhfdm/2019/54/5405.html,54
540600000000,5406,那曲市,2,http://www.stats.gov.cn/tjsj/tjbz/tjyqhdmhcxhfdm/2019/54/5406.html,54
542500000000,5425,阿里地区,2,http://www.stats.gov.cn/tjsj/tjbz/tjyqhdmhcxhfdm/2019/54/5425.html,54
650100000000,6501,乌鲁木齐市,2,http://www.stats.gov.cn/tjsj/tjbz/tjyqhdmhcxhfdm/2019/65/6501.html,65
650200000000,6502,克拉玛依市,2,http://www.stats.gov.cn/tjsj/tjbz/tjyqhdmhcxhfdm/2019/65/6502.html,65
650400000000,6504,吐鲁番市,2,http://www.stats.gov.cn/tjsj/tjbz/tjyqhdmhcxhfdm/2019/65/6504.html,65
650500000000,6505,哈密市,2,http://www.stats.gov.cn/tjsj/tjbz/tjyqhdmhcxhfdm/2019/65/6505.html,65
652300000000,6523,昌吉回族自治州,2,http://www.stats.gov.cn/tjsj/tjbz/tjyqhdmhcxhfdm/2019/65/6523.html,65
652700000000,6527,博尔塔拉蒙古自治州,2,http://www.stats.gov.cn/tjsj/tjbz/tjyqhdmhcxhfdm/2019/65/6527.html,65
652800000000,6528,巴音郭楞蒙古自治州,2,http://www.stats.gov.cn/tjsj/tjbz/tjyqhdmhcxhfdm/2019/65/6528.html,65
652900000000,6529,阿克苏地区,2,http://www.stats.gov.cn/tjsj/tjbz/tjyqhdmhcxhfdm/2019/65/6529.html,65
653000000000,6530,克孜勒苏柯尔克孜自治州,2,http://www.stats.gov.cn/tjsj/tjbz/tjyqhdmhcxhfdm/2019/65/6530.html,65
653100000000,6531,喀什地区,2,http://www.stats.gov.cn/tjsj/tjbz/tjyqhdmhcxhfdm/2019/65/6531.html,65
653200000000,6532,和田地区,2,http://www.stats.gov.cn/tjsj/tjbz/tjyqhdmhcxhfdm/2019/65/6532.html,65
654000000000,6540,伊犁哈萨克自治州,2,http://www.stats.gov.cn/tjsj/tjbz/tjyqhdmhcxhfdm/2019/65/6540.html,65
654200000000,6542,塔城地区,2,http://www.stats.gov.cn/tjsj/tjbz/tjyqhdmhcxhfdm/2019/65/6542.html,65
654300000000,6543,阿勒泰地区,2,http://www.stats.gov.cn/tjsj/tjbz/tjyqhdmhcxhfdm/2019/65/6543.html,65
659000000000,6590,自治区直辖县级行政区划,2,http://www.stats.gov.cn/tjsj/tjbz/tjyqhdmhcxhfdm/2019/65/6590.html,65
640100000000,6401,银川市,2,http://www.stats.gov.cn/tjsj/tjbz/tjyqhdmhcxhfdm/2019/64/6401.html,64
640200000000,6402,石嘴山市,2,http://www.stats.gov.cn/tjsj/tjbz/tjyqhdmhcxhfdm/2019/64/6402.html,64
640300000000,6403,吴忠市,2,http://www.stats.gov.cn/tjsj/tjbz/tjyqhdmhcxhfdm/2019/64/6403.html,64
640400000000,6404,固原市,2,http://www.stats.gov.cn/tjsj/tjbz/tjyqhdmhcxhfdm/2019/64/6404.html,64
640500000000,6405,中卫市,2,http://www.stats.gov.cn/tjsj/tjbz/tjyqhdmhcxhfdm/2019/64/6405.html,64
630100000000,6301,西宁市,2,http://www.stats.gov.cn/tjsj/tjbz/tjyqhdmhcxhfdm/2019/63/6301.html,63
630200000000,6302,海东市,2,http://www.stats.gov.cn/tjsj/tjbz/tjyqhdmhcxhfdm/2019/63/6302.html,63
632200000000,6322,海北藏族自治州,2,http://www.stats.gov.cn/tjsj/tjbz/tjyqhdmhcxhfdm/2019/63/6322.html,63
632300000000,6323,黄南藏族自治州,2,http://www.stats.gov.cn/tjsj/tjbz/tjyqhdmhcxhfdm/2019/63/6323.html,63
632500000000,6325,海南藏族自治州,2,http://www.stats.gov.cn/tjsj/tjbz/tjyqhdmhcxhfdm/2019/63/6325.html,63
632600000000,6326,果洛藏族自治州,2,http://www.stats.gov.cn/tjsj/tjbz/tjyqhdmhcxhfdm/2019/63/6326.html,63
632700000000,6327,玉树藏族自治州,2,http://www.stats.gov.cn/tjsj/tjbz/tjyqhdmhcxhfdm/2019/63/6327.html,63
632800000000,6328,海西蒙古族藏族自治州,2,http://www.stats.gov.cn/tjsj/tjbz/tjyqhdmhcxhfdm/2019/63/6328.html,63
620100000000,6201,兰州市,2,http://www.stats.gov.cn/tjsj/tjbz/tjyqhdmhcxhfdm/2019/62/6201.html,62
620200000000,6202,嘉峪关市,2,http://www.stats.gov.cn/tjsj/tjbz/tjyqhdmhcxhfdm/2019/62/6202.html,62
620300000000,6203,金昌市,2,http://www.stats.gov.cn/tjsj/tjbz/tjyqhdmhcxhfdm/2019/62/6203.html,62
620400000000,6204,白银市,2,http://www.stats.gov.cn/tjsj/tjbz/tjyqhdmhcxhfdm/2019/62/6204.html,62
620500000000,6205,天水市,2,http://www.stats.gov.cn/tjsj/tjbz/tjyqhdmhcxhfdm/2019/62/6205.html,62
620600000000,6206,武威市,2,http://www.stats.gov.cn/tjsj/tjbz/tjyqhdmhcxhfdm/2019/62/6206.html,62
620700000000,6207,张掖市,2,http://www.stats.gov.cn/tjsj/tjbz/tjyqhdmhcxhfdm/2019/62/6207.html,62
620800000000,6208,平凉市,2,http://www.stats.gov.cn/tjsj/tjbz/tjyqhdmhcxhfdm/2019/62/6208.html,62
620900000000,6209,酒泉市,2,http://www.stats.gov.cn/tjsj/tjbz/tjyqhdmhcxhfdm/2019/62/6209.html,62
621000000000,6210,庆阳市,2,http://www.stats.gov.cn/tjsj/tjbz/tjyqhdmhcxhfdm/2019/62/6210.html,62
621100000000,6211,定西市,2,http://www.stats.gov.cn/tjsj/tjbz/tjyqhdmhcxhfdm/2019/62/6211.html,62
621200000000,6212,陇南市,2,http://www.stats.gov.cn/tjsj/tjbz/tjyqhdmhcxhfdm/2019/62/6212.html,62
622900000000,6229,临夏回族自治州,2,http://www.stats.gov.cn/tjsj/tjbz/tjyqhdmhcxhfdm/2019/62/6229.html,62
623000000000,6230,甘南藏族自治州,2,http://www.stats.gov.cn/tjsj/tjbz/tjyqhdmhcxhfdm/2019/62/6230.html,62
610100000000,6101,西安市,2,http://www.stats.gov.cn/tjsj/tjbz/tjyqhdmhcxhfdm/2019/61/6101.html,61
610200000000,6102,铜川市,2,http://www.stats.gov.cn/tjsj/tjbz/tjyqhdmhcxhfdm/2019/61/6102.html,61
610300000000,6103,宝鸡市,2,http://www.stats.gov.cn/tjsj/tjbz/tjyqhdmhcxhfdm/2019/61/6103.html,61
610400000000,6104,咸阳市,2,http://www.stats.gov.cn/tjsj/tjbz/tjyqhdmhcxhfdm/2019/61/6104.html,61
610500000000,6105,渭南市,2,http://www.stats.gov.cn/tjsj/tjbz/tjyqhdmhcxhfdm/2019/61/6105.html,61
610600000000,6106,延安市,2,http://www.stats.gov.cn/tjsj/tjbz/tjyqhdmhcxhfdm/2019/61/6106.html,61
610700000000,6107,汉中市,2,http://www.stats.gov.cn/tjsj/tjbz/tjyqhdmhcxhfdm/2019/61/6107.html,61
610800000000,6108,榆林市,2,http://www.stats.gov.cn/tjsj/tjbz/tjyqhdmhcxhfdm/2019/61/6108.html,61
610900000000,6109,安康市,2,http://www.stats.gov.cn/tjsj/tjbz/tjyqhdmhcxhfdm/2019/61/6109.html,61
611000000000,6110,商洛市,2,http://www.stats.gov.cn/tjsj/tjbz/tjyqhdmhcxhfdm/2019/61/6110.html,61
530100000000,5301,昆明市,2,http://www.stats.gov.cn/tjsj/tjbz/tjyqhdmhcxhfdm/2019/53/5301.html,53
530300000000,5303,曲靖市,2,http://www.stats.gov.cn/tjsj/tjbz/tjyqhdmhcxhfdm/2019/53/5303.html,53
530400000000,5304,玉溪市,2,http://www.stats.gov.cn/tjsj/tjbz/tjyqhdmhcxhfdm/2019/53/5304.html,53
530500000000,5305,保山市,2,http://www.stats.gov.cn/tjsj/tjbz/tjyqhdmhcxhfdm/2019/53/5305.html,53
530600000000,5306,昭通市,2,http://www.stats.gov.cn/tjsj/tjbz/tjyqhdmhcxhfdm/2019/53/5306.html,53
530700000000,5307,丽江市,2,http://www.stats.gov.cn/tjsj/tjbz/tjyqhdmhcxhfdm/2019/53/5307.html,53
530800000000,5308,普洱市,2,http://www.stats.gov.cn/tjsj/tjbz/tjyqhdmhcxhfdm/2019/53/5308.html,53
530900000000,5309,临沧市,2,http://www.stats.gov.cn/tjsj/tjbz/tjyqhdmhcxhfdm/2019/53/5309.html,53
532300000000,5323,楚雄彝族自治州,2,http://www.stats.gov.cn/tjsj/tjbz/tjyqhdmhcxhfdm/2019/53/5323.html,53
532500000000,5325,红河哈尼族彝族自治州,2,http://www.stats.gov.cn/tjsj/tjbz/tjyqhdmhcxhfdm/2019/53/5325.html,53
532600000000,5326,文山壮族苗族自治州,2,http://www.stats.gov.cn/tjsj/tjbz/tjyqhdmhcxhfdm/2019/53/5326.html,53
532800000000,5328,西双版纳傣族自治州,2,http://www.stats.gov.cn/tjsj/tjbz/tjyqhdmhcxhfdm/2019/53/5328.html,53
532900000000,5329,大理白族自治州,2,http://www.stats.gov.cn/tjsj/tjbz/tjyqhdmhcxhfdm/2019/53/5329.html,53
533100000000,5331,德宏傣族景颇族自治州,2,http://www.stats.gov.cn/tjsj/tjbz/tjyqhdmhcxhfdm/2019/53/5331.html,53
533300000000,5333,怒江傈僳族自治州,2,http://www.stats.gov.cn/tjsj/tjbz/tjyqhdmhcxhfdm/2019/53/5333.html,53
533400000000,5334,迪庆藏族自治州,2,http://www.stats.gov.cn/tjsj/tjbz/tjyqhdmhcxhfdm/2019/53/5334.html,53
520100000000,5201,贵阳市,2,http://www.stats.gov.cn/tjsj/tjbz/tjyqhdmhcxhfdm/2019/52/5201.html,52
520200000000,5202,六盘水市,2,http://www.stats.gov.cn/tjsj/tjbz/tjyqhdmhcxhfdm/2019/52/5202.html,52
520300000000,5203,遵义市,2,http://www.stats.gov.cn/tjsj/tjbz/tjyqhdmhcxhfdm/2019/52/5203.html,52
520400000000,5204,安顺市,2,http://www.stats.gov.cn/tjsj/tjbz/tjyqhdmhcxhfdm/2019/52/5204.html,52
520500000000,5205,毕节市,2,http://www.stats.gov.cn/tjsj/tjbz/tjyqhdmhcxhfdm/2019/52/5205.html,52
520600000000,5206,铜仁市,2,http://www.stats.gov.cn/tjsj/tjbz/tjyqhdmhcxhfdm/2019/52/5206.html,52
522300000000,5223,黔西南布依族苗族自治州,2,http://www.stats.gov.cn/tjsj/tjbz/tjyqhdmhcxhfdm/2019/52/5223.html,52
522600000000,5226,黔东南苗族侗族自治州,2,http://www.stats.gov.cn/tjsj/tjbz/tjyqhdmhcxhfdm/2019/52/5226.html,52
522700000000,5227,黔南布依族苗族自治州,2,http://www.stats.gov.cn/tjsj/tjbz/tjyqhdmhcxhfdm/2019/52/5227.html,52
510100000000,5101,成都市,2,http://www.stats.gov.cn/tjsj/tjbz/tjyqhdmhcxhfdm/2019/51/5101.html,51
510300000000,5103,自贡市,2,http://www.stats.gov.cn/tjsj/tjbz/tjyqhdmhcxhfdm/2019/51/5103.html,51
510400000000,5104,攀枝花市,2,http://www.stats.gov.cn/tjsj/tjbz/tjyqhdmhcxhfdm/2019/51/5104.html,51
510500000000,5105,泸州市,2,http://www.stats.gov.cn/tjsj/tjbz/tjyqhdmhcxhfdm/2019/51/5105.html,51
510600000000,5106,德阳市,2,http://www.stats.gov.cn/tjsj/tjbz/tjyqhdmhcxhfdm/2019/51/5106.html,51
510700000000,5107,绵阳市,2,http://www.stats.gov.cn/tjsj/tjbz/tjyqhdmhcxhfdm/2019/51/5107.html,51
510800000000,5108,广元市,2,http://www.stats.gov.cn/tjsj/tjbz/tjyqhdmhcxhfdm/2019/51/5108.html,51
510900000000,5109,遂宁市,2,http://www.stats.gov.cn/tjsj/tjbz/tjyqhdmhcxhfdm/2019/51/5109.html,51
511000000000,5110,内江市,2,http://www.stats.gov.cn/tjsj/tjbz/tjyqhdmhcxhfdm/2019/51/5110.html,51
511100000000,5111,乐山市,2,http://www.stats.gov.cn/tjsj/tjbz/tjyqhdmhcxhfdm/2019/51/5111.html,51
511300000000,5113,南充市,2,http://www.stats.gov.cn/tjsj/tjbz/tjyqhdmhcxhfdm/2019/51/5113.html,51
511400000000,5114,眉山市,2,http://www.stats.gov.cn/tjsj/tjbz/tjyqhdmhcxhfdm/2019/51/5114.html,51
511500000000,5115,宜宾市,2,http://www.stats.gov.cn/tjsj/tjbz/tjyqhdmhcxhfdm/2019/51/5115.html,51
511600000000,5116,广安市,2,http://www.stats.gov.cn/tjsj/tjbz/tjyqhdmhcxhfdm/2019/51/5116.html,51
511700000000,5117,达州市,2,http://www.stats.gov.cn/tjsj/tjbz/tjyqhdmhcxhfdm/2019/51/5117.html,51
511800000000,5118,雅安市,2,http://www.stats.gov.cn/tjsj/tjbz/tjyqhdmhcxhfdm/2019/51/5118.html,51
511900000000,5119,巴中市,2,http://www.stats.gov.cn/tjsj/tjbz/tjyqhdmhcxhfdm/2019/51/5119.html,51
512000000000,5120,资阳市,2,http://www.stats.gov.cn/tjsj/tjbz/tjyqhdmhcxhfdm/2019/51/5120.html,51
513200000000,5132,阿坝藏族羌族自治州,2,http://www.stats.gov.cn/tjsj/tjbz/tjyqhdmhcxhfdm/2019/51/5132.html,51
513300000000,5133,甘孜藏族自治州,2,http://www.stats.gov.cn/tjsj/tjbz/tjyqhdmhcxhfdm/2019/51/5133.html,51
513400000000,5134,凉山彝族自治州,2,http://www.stats.gov.cn/tjsj/tjbz/tjyqhdmhcxhfdm/2019/51/5134.html,51
500100000000,5001,市辖区,2,http://www.stats.gov.cn/tjsj/tjbz/tjyqhdmhcxhfdm/2019/50/5001.html,50
500200000000,5002,县,2,http://www.stats.gov.cn/tjsj/tjbz/tjyqhdmhcxhfdm/2019/50/5002.html,50
460100000000,4601,海口市,2,http://www.stats.gov.cn/tjsj/tjbz/tjyqhdmhcxhfdm/2019/46/4601.html,46
460200000000,4602,三亚市,2,http://www.stats.gov.cn/tjsj/tjbz/tjyqhdmhcxhfdm/2019/46/4602.html,46
460300000000,4603,三沙市,2,http://www.stats.gov.cn/tjsj/tjbz/tjyqhdmhcxhfdm/2019/46/4603.html,46
460400000000,4604,儋州市,2,http://www.stats.gov.cn/tjsj/tjbz/tjyqhdmhcxhfdm/2019/46/4604.html,46
469000000000,4690,省直辖县级行政区划,2,http://www.stats.gov.cn/tjsj/tjbz/tjyqhdmhcxhfdm/2019/46/4690.html,46
450100000000,4501,南宁市,2,http://www.stats.gov.cn/tjsj/tjbz/tjyqhdmhcxhfdm/2019/45/4501.html,45
450200000000,4502,柳州市,2,http://www.stats.gov.cn/tjsj/tjbz/tjyqhdmhcxhfdm/2019/45/4502.html,45
450300000000,4503,桂林市,2,http://www.stats.gov.cn/tjsj/tjbz/tjyqhdmhcxhfdm/2019/45/4503.html,45
450400000000,4504,梧州市,2,http://www.stats.gov.cn/tjsj/tjbz/tjyqhdmhcxhfdm/2019/45/4504.html,45
450500000000,4505,北海市,2,http://www.stats.gov.cn/tjsj/tjbz/tjyqhdmhcxhfdm/2019/45/4505.html,45
450600000000,4506,防城港市,2,http://www.stats.gov.cn/tjsj/tjbz/tjyqhdmhcxhfdm/2019/45/4506.html,45
450700000000,4507,钦州市,2,http://www.stats.gov.cn/tjsj/tjbz/tjyqhdmhcxhfdm/2019/45/4507.html,45
450800000000,4508,贵港市,2,http://www.stats.gov.cn/tjsj/tjbz/tjyqhdmhcxhfdm/2019/45/4508.html,45
450900000000,4509,玉林市,2,http://www.stats.gov.cn/tjsj/tjbz/tjyqhdmhcxhfdm/2019/45/4509.html,45
451000000000,4510,百色市,2,http://www.stats.gov.cn/tjsj/tjbz/tjyqhdmhcxhfdm/2019/45/4510.html,45
451100000000,4511,贺州市,2,http://www.stats.gov.cn/tjsj/tjbz/tjyqhdmhcxhfdm/2019/45/4511.html,45
451200000000,4512,河池市,2,http://www.stats.gov.cn/tjsj/tjbz/tjyqhdmhcxhfdm/2019/45/4512.html,45
451300000000,4513,来宾市,2,http://www.stats.gov.cn/tjsj/tjbz/tjyqhdmhcxhfdm/2019/45/4513.html,45
451400000000,4514,崇左市,2,http://www.stats.gov.cn/tjsj/tjbz/tjyqhdmhcxhfdm/2019/45/4514.html,45
440100000000,4401,广州市,2,http://www.stats.gov.cn/tjsj/tjbz/tjyqhdmhcxhfdm/2019/44/4401.html,44
440200000000,4402,韶关市,2,http://www.stats.gov.cn/tjsj/tjbz/tjyqhdmhcxhfdm/2019/44/4402.html,44
440300000000,4403,深圳市,2,http://www.stats.gov.cn/tjsj/tjbz/tjyqhdmhcxhfdm/2019/44/4403.html,44
440400000000,4404,珠海市,2,http://www.stats.gov.cn/tjsj/tjbz/tjyqhdmhcxhfdm/2019/44/4404.html,44
440500000000,4405,汕头市,2,http://www.stats.gov.cn/tjsj/tjbz/tjyqhdmhcxhfdm/2019/44/4405.html,44
440600000000,4406,佛山市,2,http://www.stats.gov.cn/tjsj/tjbz/tjyqhdmhcxhfdm/2019/44/4406.html,44
440700000000,4407,江门市,2,http://www.stats.gov.cn/tjsj/tjbz/tjyqhdmhcxhfdm/2019/44/4407.html,44
440800000000,4408,湛江市,2,http://www.stats.gov.cn/tjsj/tjbz/tjyqhdmhcxhfdm/2019/44/4408.html,44
440900000000,4409,茂名市,2,http://www.stats.gov.cn/tjsj/tjbz/tjyqhdmhcxhfdm/2019/44/4409.html,44
441200000000,4412,肇庆市,2,http://www.stats.gov.cn/tjsj/tjbz/tjyqhdmhcxhfdm/2019/44/4412.html,44
441300000000,4413,惠州市,2,http://www.stats.gov.cn/tjsj/tjbz/tjyqhdmhcxhfdm/2019/44/4413.html,44
441400000000,4414,梅州市,2,http://www.stats.gov.cn/tjsj/tjbz/tjyqhdmhcxhfdm/2019/44/4414.html,44
441500000000,4415,汕尾市,2,http://www.stats.gov.cn/tjsj/tjbz/tjyqhdmhcxhfdm/2019/44/4415.html,44
441600000000,4416,河源市,2,http://www.stats.gov.cn/tjsj/tjbz/tjyqhdmhcxhfdm/2019/44/4416.html,44
441700000000,4417,阳江市,2,http://www.stats.gov.cn/tjsj/tjbz/tjyqhdmhcxhfdm/2019/44/4417.html,44
441800000000,4418,清远市,2,http://www.stats.gov.cn/tjsj/tjbz/tjyqhdmhcxhfdm/2019/44/4418.html,44
441900000000,4419,东莞市,2,http://www.stats.gov.cn/tjsj/tjbz/tjyqhdmhcxhfdm/2019/44/4419.html,44
442000000000,4420,中山市,2,http://www.stats.gov.cn/tjsj/tjbz/tjyqhdmhcxhfdm/2019/44/4420.html,44
445100000000,4451,潮州市,2,http://www.stats.gov.cn/tjsj/tjbz/tjyqhdmhcxhfdm/2019/44/4451.html,44
445200000000,4452,揭阳市,2,http://www.stats.gov.cn/tjsj/tjbz/tjyqhdmhcxhfdm/2019/44/4452.html,44
445300000000,4453,云浮市,2,http://www.stats.gov.cn/tjsj/tjbz/tjyqhdmhcxhfdm/2019/44/4453.html,44
430100000000,4301,长沙市,2,http://www.stats.gov.cn/tjsj/tjbz/tjyqhdmhcxhfdm/2019/43/4301.html,43
430200000000,4302,株洲市,2,http://www.stats.gov.cn/tjsj/tjbz/tjyqhdmhcxhfdm/2019/43/4302.html,43
430300000000,4303,湘潭市,2,http://www.stats.gov.cn/tjsj/tjbz/tjyqhdmhcxhfdm/2019/43/4303.html,43
430400000000,4304,衡阳市,2,http://www.stats.gov.cn/tjsj/tjbz/tjyqhdmhcxhfdm/2019/43/4304.html,43
430500000000,4305,邵阳市,2,http://www.stats.gov.cn/tjsj/tjbz/tjyqhdmhcxhfdm/2019/43/4305.html,43
430600000000,4306,岳阳市,2,http://www.stats.gov.cn/tjsj/tjbz/tjyqhdmhcxhfdm/2019/43/4306.html,43
430700000000,4307,常德市,2,http://www.stats.gov.cn/tjsj/tjbz/tjyqhdmhcxhfdm/2019/43/4307.html,43
430800000000,4308,张家界市,2,http://www.stats.gov.cn/tjsj/tjbz/tjyqhdmhcxhfdm/2019/43/4308.html,43
430900000000,4309,益阳市,2,http://www.stats.gov.cn/tjsj/tjbz/tjyqhdmhcxhfdm/2019/43/4309.html,43
431000000000,4310,郴州市,2,http://www.stats.gov.cn/tjsj/tjbz/tjyqhdmhcxhfdm/2019/43/4310.html,43
431100000000,4311,永州市,2,http://www.stats.gov.cn/tjsj/tjbz/tjyqhdmhcxhfdm/2019/43/4311.html,43
431200000000,4312,怀化市,2,http://www.stats.gov.cn/tjsj/tjbz/tjyqhdmhcxhfdm/2019/43/4312.html,43
431300000000,4313,娄底市,2,http://www.stats.gov.cn/tjsj/tjbz/tjyqhdmhcxhfdm/2019/43/4313.html,43
433100000000,4331,湘西土家族苗族自治州,2,http://www.stats.gov.cn/tjsj/tjbz/tjyqhdmhcxhfdm/2019/43/4331.html,43
420100000000,4201,武汉市,2,http://www.stats.gov.cn/tjsj/tjbz/tjyqhdmhcxhfdm/2019/42/4201.html,42
420200000000,4202,黄石市,2,http://www.stats.gov.cn/tjsj/tjbz/tjyqhdmhcxhfdm/2019/42/4202.html,42
420300000000,4203,十堰市,2,http://www.stats.gov.cn/tjsj/tjbz/tjyqhdmhcxhfdm/2019/42/4203.html,42
420500000000,4205,宜昌市,2,http://www.stats.gov.cn/tjsj/tjbz/tjyqhdmhcxhfdm/2019/42/4205.html,42
420600000000,4206,襄阳市,2,http://www.stats.gov.cn/tjsj/tjbz/tjyqhdmhcxhfdm/2019/42/4206.html,42
420700000000,4207,鄂州市,2,http://www.stats.gov.cn/tjsj/tjbz/tjyqhdmhcxhfdm/2019/42/4207.html,42
420800000000,4208,荆门市,2,http://www.stats.gov.cn/tjsj/tjbz/tjyqhdmhcxhfdm/2019/42/4208.html,42
420900000000,4209,孝感市,2,http://www.stats.gov.cn/tjsj/tjbz/tjyqhdmhcxhfdm/2019/42/4209.html,42
421000000000,4210,荆州市,2,http://www.stats.gov.cn/tjsj/tjbz/tjyqhdmhcxhfdm/2019/42/4210.html,42
421100000000,4211,黄冈市,2,http://www.stats.gov.cn/tjsj/tjbz/tjyqhdmhcxhfdm/2019/42/4211.html,42
421200000000,4212,咸宁市,2,http://www.stats.gov.cn/tjsj/tjbz/tjyqhdmhcxhfdm/2019/42/4212.html,42
421300000000,4213,随州市,2,http://www.stats.gov.cn/tjsj/tjbz/tjyqhdmhcxhfdm/2019/42/4213.html,42
422800000000,4228,恩施土家族苗族自治州,2,http://www.stats.gov.cn/tjsj/tjbz/tjyqhdmhcxhfdm/2019/42/4228.html,42
429000000000,4290,省直辖县级行政区划,2,http://www.stats.gov.cn/tjsj/tjbz/tjyqhdmhcxhfdm/2019/42/4290.html,42
350100000000,3501,福州市,2,http://www.stats.gov.cn/tjsj/tjbz/tjyqhdmhcxhfdm/2019/35/3501.html,35
350200000000,3502,厦门市,2,http://www.stats.gov.cn/tjsj/tjbz/tjyqhdmhcxhfdm/2019/35/3502.html,35
350300000000,3503,莆田市,2,http://www.stats.gov.cn/tjsj/tjbz/tjyqhdmhcxhfdm/2019/35/3503.html,35
350400000000,3504,三明市,2,http://www.stats.gov.cn/tjsj/tjbz/tjyqhdmhcxhfdm/2019/35/3504.html,35
350500000000,3505,泉州市,2,http://www.stats.gov.cn/tjsj/tjbz/tjyqhdmhcxhfdm/2019/35/3505.html,35
350600000000,3506,漳州市,2,http://www.stats.gov.cn/tjsj/tjbz/tjyqhdmhcxhfdm/2019/35/3506.html,35
350700000000,3507,南平市,2,http://www.stats.gov.cn/tjsj/tjbz/tjyqhdmhcxhfdm/2019/35/3507.html,35
350800000000,3508,龙岩市,2,http://www.stats.gov.cn/tjsj/tjbz/tjyqhdmhcxhfdm/2019/35/3508.html,35
350900000000,3509,宁德市,2,http://www.stats.gov.cn/tjsj/tjbz/tjyqhdmhcxhfdm/2019/35/3509.html,35
